<?xml version='1.0' encoding='ISO-8859-1'?>
<!DOCTYPE toc PUBLIC "-//Sun Microsystems Inc.//DTD JavaHelp TOC Version 2.0//EN"
                     "http://java.sun.com/products/javahelp/toc_2_0.dtd">

<toc version="2.0">
	<tocitem text="Abeille Forms Designer">
		<tocitem text="Introduction" target="abeilleforms.help" />
		<tocitem text="Quickstart" target="quickstart" />
		<tocitem text="Designer" target="designer" />
		<tocitem text="Look And Feel" target="lookandfeel" />
		<tocitem text="Development" target="development" />
		<tocitem text="Code Generation" target="codegen" />
		<tocitem text="API">
			<tocitem text="FormPanel" target="FormPanel" />
			<tocitem text="FormAccessor" target="FormAccessor1" />
			<tocitem text="FormConverter" target="FormConverter1" />
			<tocitem text="Overview" target="overview" />
		</tocitem>
		<tocitem text="License" target="license" />
		<tocitem text="Keyboard Shortcuts" target="shortcuts" />
	</tocitem>
</toc>
